x,y,z,word
-0.9039679855091386,-0.0071704755102358,-0.0036622118736871,aabb
-0.5842879571075128,-0.0068671679937753,-0.0034148689958012,absurdity
-0.5622479979262743,-0.0068355542683081,-0.0033882816337756,academiccategory
-0.3366383729838003,-0.0068271683483206,-0.0034213064804794,accessvalidation
-0.0611058372665653,-0.0067697654025563,-0.003414979842983,accountability
-0.001391039374966,-0.0067619261722335,-0.0034181611322299,achievements
0.0790181056228249,-0.0069875806962672,-0.0036584810046495,act
0.1440785008124674,-0.0068957460512508,-0.00357741077949,activated
0.1771659161974375,-0.0074972900790778,-0.0042574260492883,activist
0.169783896287109,-0.0067968942207212,-0.0034834566324465,actuators
-0.2062944652740418,-0.0104737899177018,-0.0100796027545229,administered
0.1301017157788742,-0.0067733911003916,-0.0034529226265885,algorists
-0.3234885069652747,-0.006804210435498,-0.0034010014792413,alism
-0.4836194087166229,-0.0068252320761123,-0.0033924705499938,allegiances
-0.4492989414939123,-0.0068207265589399,-0.0033942989633382,allow
-0.4323498385763398,-0.0068185015171374,-0.0033952019220814,allowing
-0.1024229410915817,-0.0067751894231441,-0.0034127786857698,ambitious
-0.3923565233531842,-0.0068276029197981,-0.0034111395830616,annihilate
-0.1037601021522067,-0.0067753649627742,-0.0034127074488863,antiquarian
0.0257099310686678,-0.0067583684150815,-0.0034196049288917,anywhere
0.2266291027835767,-0.0075388791052624,-0.0043009162202097,apolitical
0.928934193435724,-0.0086022443151443,-0.0059767352401422,appeared
1.0846832402527888,-0.0074879093166125,-0.0044273430724007,appendix
1.160531545410307,-0.0066093914726111,-0.0034800622347246,appetizingly
1.4622999226917657,-0.0068279069714059,-0.0037568774602835,applies
-0.6083275348616507,-0.0068632600916558,-0.0034064950964305,architects
-0.6203206681995622,-0.0068431779236466,-0.0033851878284208,arise
-0.5344371925605712,-0.0068893527635911,-0.0034459315432535,arnolds
-0.514578361148333,-0.0069087501028496,-0.0034683662659574,arranged
-0.2276234425048463,-0.0067916254758775,-0.0034061086638838,asher
-0.1982176286540823,-0.0067877651438367,-0.0034076752504369,aspects
-0.2212990125141321,-0.0073615458317969,-0.0040094476375281,assent
-0.4330371009138976,-0.010503556203573,-0.0100675231036817,associated
-0.91166381571771,-0.0096786125979333,-0.0065006153624039,atom
0.1411076280337035,-0.0068289298800893,-0.0035113712116323,attitudes
0.2856587330473799,-0.006724242895063,-0.0034334536290076,audi
0.4016222666076424,-0.0067090194516165,-0.0034396315540007,audience
1.7744520069415584,-0.006695310954279,-0.0036804804106203,autodesk
1.672614842344184,-0.0066733190810558,-0.00363597461293,autoencoder
-0.5464483843415201,-0.0068334801289946,-0.0033891233537944,banhams
-0.5816880127940179,-0.0068453149110342,-0.0033941035224374,basic
-0.5247957587457839,-0.0068306376188442,-0.0033902768913999,beginner
-0.3639962764641233,-0.0068095282084149,-0.0033988434390892,beneficent
-0.1585270231260497,-0.0068979243502911,-0.0035244226205703,benjamin
-0.0611297440806426,-0.0067769055981782,-0.00342189277038,bernheimjeune
0.797650665470933,-0.0066570296945934,-0.0034607298567877,bifo
0.9101364073252712,-0.0066422628081672,-0.003466722503395,bigger
1.0639719124781626,-0.0067158641916157,-0.003567187504224,bishop
-0.2908769077491144,-0.0068215125490188,-0.0034234653595187,boxing
0.5334499259090929,-0.0066917133998392,-0.0034466546358797,businessmay
0.0238801317225493,-0.0067586086272069,-0.0034195074468405,buyer
-0.4028091356712145,-0.0068146234771516,-0.0033967756948114,calling
-0.3813528404080311,-0.0068189878074082,-0.0034047981249664,campaign
-0.4212420181867613,-0.0068170433063506,-0.0033957936881229,candlesticksit
-0.4513089809575564,-0.0105298920623801,-0.0105833875566165,canvas
-0.4372732222790156,-0.006934311148512,-0.0035097385628017,capitalisms
-0.2879344533610756,-0.0082087215695813,-0.005146568841996,cartoondrawing
-0.336965682918417,-0.0068059796901908,-0.0034002834864413,cartridges
2.04680541523751,-0.0064930433438394,-0.0035272782286065,catalyst
1.1658651528619712,-0.0068444658423984,-0.0037167393206777,chances
-0.3334961992104067,-0.0068126987133016,-0.0034073528823257,characters
-0.4200270212698553,-0.0068674154153755,-0.0034446522735743,charged
-0.5515683036657556,-0.0068341522609993,-0.0033888505915166,charles
-0.5155529261512878,-0.0068294242396467,-0.0033907693007353,cheatsheet
-0.4813333806695645,-0.0070831639394607,-0.0036532496960901,childs
-0.4863646399900945,-0.0071078308981428,-0.0036763995953244,christensen
-0.5405315612844538,-0.0068543682176019,-0.0034101003730308,claims
-0.1439570403518749,-0.0067806419304262,-0.0034105659681852,cloned
-0.0589371915121671,-0.0074154881530373,-0.0041056268740971,closeness
0.2535394013626589,-0.0067355532629825,-0.0034386909261835,clustered
1.2968137894707223,-0.0066053816329939,-0.0035015027266519,coexist
1.3586601073010844,-0.0065833815808417,-0.0034906174787463,coffins
1.5427132896063347,-0.0065592194746523,-0.0035004228608358,coils
-0.5908620716753524,-0.0068393106624099,-0.0033867572269561,colonialsettler
-0.5323886346191123,-0.0068388362192376,-0.0033967352982171,colours
-0.4290379133790764,-0.0071318336742632,-0.0037117734076932,combining
-0.3539233216976033,-0.0068296872221589,-0.0034201874571236,compiling
0.1347882581150099,-0.0067440488467478,-0.003425416046423,conductivity
0.5993626188228677,-0.0069346490903909,-0.0037019938055837,confidence
1.4433235155080308,-0.0065722671505785,-0.0034951278982678,confucian
1.6051551922926304,-0.0065510222358734,-0.0035037494358321,conjunction
0.8015448538229288,-0.0066565184739163,-0.0034609373185889,consciousness
-0.2890056715265373,-0.0069514089302302,-0.003555302404541,considerations
-0.5205426633249949,-0.0068515989215972,-0.0034112804902661,consistently
-0.428304774931553,-0.0069627027608871,-0.0035400010647125,constructed
-0.396721534000474,-0.0068138243098882,-0.0033971000100971,contains
-0.39040686762685,-0.0068779522673178,-0.0034605505105499,contemporaneity
-0.426127347851238,-0.006817684641929,-0.0033955334235439,contrivances
-0.393437043094242,-0.0070338793927648,-0.0036179935082449,controllers
-0.3263739597803078,-0.0068045892315419,-0.0034008477575452,converse
-0.4902700255707845,-0.0068261051547988,-0.0033921162402309,corbusier
3.3725383016113755,-0.0070670286803231,-0.004397087099762,corpse
-0.6189424539484792,-0.0068429969946419,-0.0033852612524016,critique
-0.5077059020323563,-0.0068283940991859,-0.0033911873487625,crying
-0.5001521149881234,-0.006827402454258,-0.003391589774666,cure
-0.4587504009331599,-0.0068291590298255,-0.0034006663684871,darkroom
2.989832388501859,-0.0063692447896274,-0.0035775177282871,datasheet
1.7912107549551222,-0.0068852886431319,-0.003882081180321,dating
0.0796426773245753,-0.0067584059504035,-0.0034294077018623,daunting
-1.618218162881491,-0.0069741797619777,-0.0033320251169748,davis
-0.306029171537727,-0.0068019184114683,-0.0034019316204795,dealer
0.9098705271249956,-0.006728326045507,-0.0035520723170825,dedicates
-0.4338450275155338,-0.0068620221607521,-0.0034368140401694,defies
-0.4512577651528981,-0.0068209837090998,-0.0033941946075527,delete
-0.4262996838328317,-0.0079869009012525,-0.004766078384101,demonstrable
-0.4216701443158211,-0.0068170995098286,-0.0033957708798224,depart
-0.3965270230686619,-0.0069081973536294,-0.0034888970259971,dependent
-0.6089416661819298,-0.0068488964576413,-0.0033926486256913,detect
-0.1224539580316134,-0.0067991949389502,-0.0034326026242002,detract
0.2519840332000962,-0.0069110424120548,-0.0036139256288119,devoting
0.9262852376756529,-0.0066543551461658,-0.0034815002899465,diane
1.5995074462339374,-0.0065517636598373,-0.0035034485537319,dierent
1.3174072696790733,-0.006779277204258,-0.0036778936829493,difficulty
1.0513704839164215,-0.0066448341135945,-0.0034953470229356,digestible
-0.1878018477607922,-0.0067863977825076,-0.0034082301482667,diminishes
-0.3400153484952812,-0.0068063800437331,-0.003400121016356,disavowals
-0.3482083923623569,-0.0068074556089228,-0.003399684534223,discarded
-0.4042166736297674,-0.0068148082557095,-0.0033967007086182,disk
-0.2658968966352206,-0.006832336520953,-0.0034390429055258,dissatisfaction
-0.2299591972601753,-0.0068062342816138,-0.0034198304662614,distinguishing
-0.2700374324683255,-0.0069642607131029,-0.0035711116089138,distributing
-0.3729224130179451,-0.0068107000124369,-0.0033983679016473,dune
-0.6426301448426228,-0.0068461066637908,-0.0033839992972584,eadweard
-0.4955333789336136,-0.0085367069217334,-0.0048674102858846,ecosystem
-0.49870589600668,-0.0069286688064544,-0.0034909710663948,editions
-0.5441827161691641,-0.0068403861418171,-0.0033961056882846,egbert
-1.3684903482175694,-0.0072932635736294,-0.0037043214984543,elbows
-0.9061623038741502,-0.0068807025992215,-0.0033699596947922,electricity
-0.109009844416109,-0.0067831977751741,-0.0034193367606887,elite
0.6217318796178184,-0.0066801239346998,-0.0034513578324063,embassies
1.4456107646906788,-0.0065719668854218,-0.0034952497508318,emphasizes
0.74641041903812,-0.006663756404015,-0.0034580000469124,emptiness
-0.5147017155252777,-0.0070961029211662,-0.0036587751186192,encourages
-0.4027622177392629,-0.0068146173178663,-0.0033967781943512,engages
0.201294426656626,-0.0067353180598827,-0.0034289591440521,even
0.350621853604198,-0.0069661533662398,-0.0036896872203436,eventbased
0.709679405765048,-0.0104794484717209,-0.0112225981427402,everyone
1.4149376614261646,-0.0066631072638262,-0.0035781101199935,exactly
1.4679071848739298,-0.0066775968465835,-0.0036032683493574,excel
-0.3610442434614475,-0.0074061833976508,-0.004027878598994,extolling
-0.3025240541328485,-0.0068953561843934,-0.0034943065298575,famine
0.2951361553016349,-0.0067229987194392,-0.0034339585360419,fathered
0.7372379633415512,-0.0066649605442846,-0.0034575113868866,favored
-0.1142235369499567,-0.0068340948936032,-0.0034683925941414,feverish
-0.2455861230557383,-0.0069393390899056,-0.0035492316953313,feynman
-0.4738356533926571,-0.00684557365325,-0.0034136844216886,filmmaker
-0.4209987833609651,-0.006824197890271,-0.0034026816838207,finally
-0.3238755799038767,-0.0068042612496015,-0.0034009808580381,flooded
-0.3241746817200692,-0.0068043005150451,-0.0034009649234721,flower
-0.4642473824393345,-0.0068727816668268,-0.0034426461880814,fluenced
-0.6366022759057391,-0.0072691139915769,-0.0038206865523926,fly
-0.1133625006097201,0.9930655690742762,0.0036871942232055,formal
-0.4501380006646456,-0.0071022710282743,-0.0036789986342252,frost
-0.4914957565430241,-0.0068262660661264,-0.0033920509397543,functionreq
-0.3834206846143669,-0.0096092659750295,-0.0065287573682731,furthermore
-0.3444197693572525,-0.0068069582466375,-0.0033998863720598,gallerybased
-0.6340617575199331,-0.006844981824319,-0.0033844557757095,gap
2.7960613295411005,-0.0063946826377776,-0.0035671946290219,garnier
0.1629620230721553,-0.0068709043814933,-0.0035560310542944,genart
0.7594301451547325,-0.0066620472023536,-0.0034586936691996,genpei
0.9091154235817676,-0.006663837747745,-0.0034875076022352,gentle
1.5200908292469275,-0.0070601830727884,-0.0040153476442191,gepmancers
0.5679815238255864,-0.0066871801658831,-0.0034484942971531,giant
-0.6516970351922998,-0.0068472969456685,-0.0033835162611971,glance
-0.4321554711472623,-0.00761189911254,-0.0042556010608966,goldberg
-0.3974913321884444,-0.0076511943297723,-0.0043296323877544,grades
-0.3955303756982579,-0.0068563231150991,-0.0034393879187222,graduated
-0.400629587632629,-0.0069081264584601,-0.0034891672536653,grain
-0.433028418901695,-0.0071166182235474,-0.0036952620126906,grapple
3.4063301261410497,-0.0063714406360777,-0.0036563348328236,groove
-0.3991644576504848,-0.0068501098378892,-0.0034317218659289,gruenfeld
-0.1952617989411217,-0.006787377108865,-0.0034078327214427,guardians
0.10846143354858,-0.0067475049756929,-0.0034240134921675,gulf
0.6509020076989143,-0.0066833337431171,-0.0034599035524239,handson
-0.5088257033320689,-0.0068429167552007,-0.0034049156862786,harvard
1.1990110559549625,-0.0069560974965558,-0.0038412610291164,hometown
-0.5921905847046864,-0.006853705157879,-0.0034005977542695,hottest
-0.4072386234852139,-0.0069599372418025,-0.0035411233580709,huinengs
-0.4069800327849376,-0.0068295735329017,-0.0034103201959485,human
-0.4398491635615318,-0.006935456966424,-0.0035089515239984,hut
-0.4081955600598039,-0.0068729436512309,-0.0034525265124417,hype
-0.3923288426214908,-0.0068132476468052,-0.0033973340295084,hypermedia
-0.3883695213704006,-0.0068627129693793,-0.0034467743137604,hyperstimuli
2.900370240693537,-0.0064164779788164,-0.0036078821898312,ikon
0.4498396020398263,-0.0067097564163105,-0.0034491701276017,impressionism
-0.5494931557068652,-0.0068621720983115,-0.00341706274205,incestuous
-0.4158984155763704,-0.0070831322363058,-0.00366403883694,indeed
-0.360758939159452,-0.0068091032177315,-0.0033990159073336,infatuated
-0.5403901063782494,-0.0068326848112846,-0.0033894461068677,inherently
3.6049147469064113,-0.0062884980996061,-0.0036102860698349,innovative
0.0079338996004457,-0.0067607020142868,-0.0034186579157599,installed
0.4138437669091911,-0.0069578537293433,-0.0036930553501886,institutes
0.9745254041875644,-0.0066338099590497,-0.0034701528092919,intensive
0.2805915963965901,-0.0067249080978718,-0.0034331836787121,interaction
-0.0280316383206283,-0.0067943047067244,-0.0034443756296811,jareds
-0.4323885877503986,-0.0069637253202419,-0.0035393903864336,justified
4.013270910666567,-0.0062414670779522,-0.0036393987381406,kogan
-1.104654479737554,-0.0069067602254517,-0.0033593850793373,kokugaryo
-0.966006126078617,-0.0068885587675788,-0.0033667715318109,kontrollfelder
1.2523273655949054,-0.0066114862949328,-0.0034989229981071,laces
-0.5171070826471897,-0.0068296282659712,-0.0033906865034803,launched
-0.4591305491398606,-0.0080921455194932,-0.0050857720484369,lectureorigins
-0.4590226828909141,-0.0068220030708114,-0.0033937809337201,leg
-0.4157888638041486,-0.0070375195762056,-0.0036162264780791,lev
-0.7609095855696267,-0.0068906681693022,-0.0034052103695636,lifestyle
-0.2960708404809665,-0.0068006111031705,-0.0034024621477965,lingered
0.6396432721751324,-0.0066919259257662,-0.0034662762565135,literal
-0.3256056786445978,-0.0068044883732457,-0.003400888687509,lonely
-0.4623303970935129,-0.0068224373004226,-0.0033936047161661,longevity
-0.5120096043739744,-0.0069084128819813,-0.00346850311576,looses
-0.3867045555287738,-0.0068125093024839,-0.0033976336618387,lovers
-0.3663832262521689,-0.0068098415620528,-0.0033987162750032,lxxvii
0.4220988222294504,-0.0067783598815962,-0.0035111722571712,marazzi
0.2573085726655305,-0.0067279646431852,-0.0034319432820994,masks
-0.0566662279556302,-0.006769182580188,-0.0034152163619341,massage
-0.414333352706865,-0.0068161363515951,-0.0033961617453545,matt
-0.419796502546564,-0.0068240398921961,-0.0034027458658377,matures
-0.4379858551520448,-0.00681924140128,-0.0033949016648661,maybe
-0.4464192433016092,-0.0072274927078872,-0.0038137490146016,mbius
-0.3887689112084387,-0.0068270520393821,-0.0034113940521737,mechanistic
0.4705844532368612,-0.00734597368961,-0.0041338369924251,michel
-0.4815843434182154,-0.0068249649171138,-0.0033925789675315,mission
-0.4805580136567707,-0.0068248301827486,-0.003392633644964,missourikanas
-0.5209547984516659,-0.0068445242422908,-0.0034042574589991,mod
-0.3942055598995611,-0.0068134940182158,-0.0033972340479174,modifying
-0.0297942007082275,-0.0067727876288386,-0.003423565572901,moro
1.1835097594474822,-0.0069578013022694,-0.0038407266397913,movement
1.5382678155539058,-0.0065598030669313,-0.0035001860294423,muj
1.5457645220519869,-0.0102677205451944,-0.0106897810919672,multielectrode
0.1449024544292106,-0.0092701690221101,-0.0047645068079339,muniz
-0.0406261599696231,-0.0067670768745376,-0.0034160708920942,murakamikaikai
-0.1841205755407725,-0.0068073792328014,-0.003429246862906,murata
-0.4249954527429019,-0.0068175360491719,-0.003395593724941,mystical
-0.4258575697425155,-0.0068176492260387,-0.0033955477958976,myths
-0.4335462458411096,-0.0068186585789117,-0.0033951381838172,nail
-0.4291417009800546,-0.0068536512809589,-0.0034304380593164,natalie
-0.0402555079584357,-0.0067883270647641,-0.0034370428541437,newcomers
-0.0709468734934464,-0.006771057312641,-0.0034144555645155,newspa
0.2568100696385431,-0.0067280300855912,-0.0034319167244893,ngrams
1.262926814191851,-0.0068928095015834,-0.0037865990408037,noblesse
0.1281626759240521,-0.0068098143527622,-0.0034882260449646,nominal
-0.4626431020774101,-0.0069832329848956,-0.0035523286826945,nothing
-0.4393816636276095,-0.0068194246400167,-0.0033948273035579,notoriously
-0.3207595358704367,-0.0068399426996097,-0.0034357989199399,numbered
-0.3635974740425334,-0.0068094758544902,-0.0033988646851773,obedience
-0.5021831321769219,0.9930145255374524,0.0037079085341948,oblige
-0.3645096931417699,-0.0068454498188376,-0.0034336560477699,observed
0.777065251013044,-0.0066667539646341,-0.003466638594129,older
1.3232112874904152,-0.0069388164140362,-0.0038486735697059,onceinalifetime
0.9989131861154597,-0.0069897696191484,-0.0038393830383626,ontogenic
0.1132882259168809,-0.0071540155143016,-0.0038435672743315,openly
-0.4175178347002504,-0.0072242822624192,-0.0038147314521763,organiser
-0.4114009819598802,-0.006815751396266,-0.0033963179665904,organizational
-0.4105846817969464,-0.0069383301170631,-0.0035184355105738,organizations
-0.4106796187561219,-0.006815656697255,-0.0033963563970144,organogenesis
-0.6370410461988697,-0.0068453729389334,-0.0033842970549339,owing
3.341862856758397,-0.006438599005847,-0.0037107453460169,pablo
-0.3167851074376673,-0.0068033304276156,-0.0034013586009864,paint
-0.0025084666486569,-0.0068050198174306,-0.0034600937959711,pairs
-0.0167214736402027,-0.0067639387186943,-0.0034173444076089,pakku
0.4205850438888553,-0.0073035727847552,-0.0040695196818533,panoramic
0.4526103291562147,-0.0067023258483532,-0.0034423479288497,pans
0.4848819389027371,-0.006843503874707,-0.0035880994746651,paoletti
0.5174919643040012,-0.0066938083267404,-0.0034458044799142,paoyu
0.5505221883980385,-0.0066894721899129,-0.0034475641559149,paper
0.5840587709283123,-0.0080942481732626,-0.0051930240384593,paperbox
0.6179022034222562,-0.0066806266863597,-0.0034511538074723,papermaking
0.6522226706449668,-0.0066761211691873,-0.0034529822208167,par
0.6869947229627129,-0.0066715563688942,-0.0034548346922315,paraart
0.7222509659941514,-0.0066809184645513,-0.0034708062862874,parabolas
0.7579698245227339,-0.0066622389101075,-0.0034586158710241,paracapitalist
0.794157885613105,-0.0067585151028192,-0.0035601927197993,parade
0.8307249980254149,-0.0066884244349316,-0.0034974253101618,parades
0.8676219834537872,-0.0066761351818845,-0.0034925600201376,paradigm
0.9047115214433494,-0.0066429749755261,-0.0034664334941087,paradigmatic
0.9419542640172108,-0.0080998094012909,-0.0054628310126233,paradigms
0.9792128477969012,-0.0067854174820813,-0.0036224637184279,paradox
1.0161104694894183,0.9932138438582264,0.0036270218649068,paradoxes
1.0529604569279147,-0.0066235131739056,-0.0034743314149085,paradoxi
1.089157641428696,-0.0066187612853226,-0.0034762598098439,paradoxically
1.1246803806576702,-0.0066140979364653,-0.003478152273895,paragraphs
1.1593585971115128,-0.0066095454547427,-0.0034799997462302,parallel
1.1930773714679417,-0.0073036290862921,-0.0042325557027693,paralleled
1.2255480696124543,-0.0066008562430532,-0.0034835259719659,parallels
1.2566861627598638,-0.0068560753707475,-0.0037449509614538,parameter
1.286359574163426,-0.0065928730394372,-0.003486765687955,parameters
1.3143285263481674,-0.0065892013355078,-0.0034882557261026,paramount
1.3404255707895538,-0.0068069675198457,-0.0037097883135593,paraphrase
1.364565901985512,-0.0065826062808088,-0.0034909321083153,paraphrasing
1.386498463440733,-0.0065866651257864,-0.0034991723020009,parasite
1.4060648127968414,-0.0065771583929907,-0.0034931429512451,parasitic
1.4231370752857868,-0.0065749171830644,-0.0034940524712802,paratory
1.4375949076745176,-0.0066010490282366,-0.0035231327559276,parches
1.4492662884785543,-0.0069701367175589,-0.0039066346996719,pareidolia
1.4579906212975495,-0.0066273631607942,-0.0035524189671134,parent
1.4637152216825633,-0.0065695901712196,-0.0034962142607419,parental
1.4663543553548493,-0.0065692437114234,-0.0034963548598542,parentheses
1.4657935909646835,-0.0071079047921164,-0.0040593167890921,parenting
1.462030687805689,-0.0066709134992036,-0.0035957129825924,parents
1.4549357036660904,-0.0065707427274751,-0.0034957465343618,paris
1.444530412697747,-0.0065860739458555,-0.0035093055184595,parissud
1.4308330631162558,-0.0068231655662943,-0.0037481965865258,park
1.4134701646718402,0.993266008384968,0.0036058526376788,parked
1.3931213283196502,-0.0065788575858135,-0.00349245339071,parker
1.3693339368201092,-0.0065819803434436,-0.0034911861240448,parkers
1.3422857490499212,-0.0065855311713997,-0.0034897451393652,parlance
1.3120563323216812,-0.0067871074596132,-0.0036856558033306,parochial
1.278701855859456,-0.0080556019012019,-0.0054807711469063,parody
1.242348893206317,-0.0066923193222786,-0.0035767930824239,parole
1.2031037039150323,-0.0066038026911425,-0.0034823302546267,paroxysms
1.1611265425860426,-0.0066305842952314,-0.0035010683002593,parse
1.116545984205534,-0.0066151658025483,-0.0034777189161868,part
1.0695662871356706,-0.0069181934559875,-0.0037762978125115,partake
1.0202938468065037,-0.0066278015762724,-0.0034725911103411,partaken
0.9689890882172572,-0.0066345367547112,-0.0034698578635986,parted
0.9158751236586324,-0.006756672741965,-0.0035818271645289,partial
0.861048468921398,-0.0067061611922994,-0.0035202718350591,partially
0.8048467032840337,-0.0066560850142157,-0.0034611132237005,partici
0.747470448396891,-0.0066775871612715,-0.0034721661318486,participant
0.6889594659340639,-0.0071628174536966,-0.0039607414131543,participants
0.6300114041316641,-0.0067293941217427,-0.0035007318346246,participate
0.5704447152530535,-0.0066868568034066,-0.0034486255229913,participated
0.5105767912984119,-0.0070242059635726,-0.0037783222061218,participates
0.4507843592248038,-0.0067671967268513,-0.0035056248790919,participating
0.3911478382994126,-0.0067103945120522,-0.0034390735317462,participation
-0.4866843693184887,-0.0068328299802213,-0.0033991751541119,passersby
-0.5748220036893453,-0.0068372049567595,-0.0033876117571163,passive
-0.582223307454735,-0.0068381765840103,-0.003387217454717,passmore
-0.5878182708399822,-0.0068389110787783,-0.003386919384599,password
-0.591962436155694,-0.0075874798163168,-0.004185879425755,past
-0.594046626306578,-0.0068397287238974,-0.003386587570694,pasta
-0.5949263375306735,-0.0068398442104962,-0.0033865407043232,paste
-0.5944768889523298,-0.006911795098236,-0.0034570293849808,pastiche
-0.5928208953343383,-0.0068395678125698,-0.0033866528711706,pastor
-0.5900879257981485,-0.0068392090342031,-0.0033867984693624,pasts
-0.5866279823056778,-0.0078312998034675,-0.0045003989516,pat
-0.5818778199608847,-0.0071203696631238,-0.0036713111572302,pataphysical
-0.5765990203620182,-0.006837438239689,-0.0033875170870473,pataphysics
-0.5707225493850605,-0.0068366667892093,-0.003387830154404,patented
-0.5643417106396215,-0.0068358291264131,-0.0033881700918132,path
-0.557568186131629,-0.0071249089056578,-0.0036807333490695,pathological
-0.5504540027819014,-0.0068340059779743,-0.0033889099555862,pathos
-0.5431619000716159,-0.0071153477242524,-0.0036733198511457,paths
-0.5356924484415797,-0.0068320681128473,-0.0033896963732875,pathways
-0.5281973088122863,-0.006831084167026,-0.0033900956747663,patience
-0.5207482640055603,-0.0070968966990549,-0.0036584529904308,patient
-0.5133477833495551,-0.0068291347532392,-0.0033908867791047,patiently
-0.5061016086569815,-0.0095965442466222,-0.0063156493309037,patients
-0.4990763606416996,-0.007218499227346,-0.0037935702672699,patina
-0.4923285498351678,-0.0068263753934398,-0.0033920065729233,pation
-0.4858421457428373,-0.0068255238722518,-0.003392352134297,patriarchs
-0.4798091433774274,0.9930174627466136,0.0037067165661652,patriotic
-0.4738546141291633,-0.0068239501748662,-0.0033929907667092,patronage
-0.4685865093987911,-0.0105321602191795,-0.0105824671010947,patrons
-0.4634900490405315,-0.0105314911668174,-0.0105827386136027,patter
-0.4585652330543844,-0.00682194301778,-0.0033938053042329,pattern
-0.4543268415861292,0.9930208080084238,0.0037053590036257,patterned
-0.450321223145748,0.993021333857404,0.0037051456054175,patternless
-0.4465249187672647,-0.0068203623911985,-0.0033944467486273,patterns
-0.4827455622340214,-0.0068251173594242,-0.0033925171039221,percent
-0.4504693252749434,-0.0068280707699139,-0.0034011084416969,perennial
-0.4041228377658638,-0.006814795937139,-0.0033967057076978,perform
-0.0057250833390096,-0.00676249513621,-0.0034179302372433,phonic
1.452789208279298,-0.006571024514776,-0.0034956321804172,pictures
1.472107668129466,-0.0066040616603018,-0.003531724753593,picturesque
1.488716614671356,-0.0065663080420833,-0.0034975462029988,pie
1.5025161054532383,-0.00675497651415,-0.0036877553046838,piece
1.5133837173949924,-0.0065630697978544,-0.0034988603360348,pieced
1.5211779588404786,-0.0065620465865896,-0.0034992755720797,pieces
1.525824325885675,-0.0068120622425767,-0.0037521377413677,pierce
1.527159995164327,-0.0065612612777181,-0.0034995942634009,pierpont
1.5252006159313969,-0.0065684375429896,-0.0035065767151807,pierre
1.5198290682968651,-0.006562223666041,-0.0034992037103112,pieties
1.511031956055911,-0.0065633785320284,-0.0034987350466037,pietroi
1.4987937859475422,-0.0068311903353178,-0.0037665221882116,pietroiusti
1.483063003871169,-0.0065670502359579,-0.0034972450084561,pietroiustis
1.463748593499642,0.9932726088290424,0.0036031740683689,piezo
1.441270855985141,-0.0065725366193089,-0.0034950185434027,piezodetected
1.4152871066638395,-0.0065973239685851,-0.0035145250568387,piezoelectric
1.3859839379214889,-0.0065797945670847,-0.0034920731482219,piezos
1.3534216784143895,-0.0067977920831634,-0.0037025740049624,piga
1.3178362485629334,-0.0067486603399333,-0.0036478599430999,pigs
1.279163536350325,-0.006593817719815,-0.0034863823210423,piketty
1.2376619634023367,-0.0066062245167469,-0.0034912268813802,pile
1.1934386099329706,-0.0066050715039074,-0.0034818153494333,piles
1.1466790260015505,-0.006611210001586,-0.0034793242456064,pilkinglon
1.0975947474094423,-0.0066889994228435,-0.0035477049554297,pillage
1.0462974979038664,-0.0066814093491855,-0.0035304861304845,pillars
0.9930169341180508,-0.0066313824307441,-0.0034711379404052,pillon
0.9380336850207756,-0.0066955240978492,-0.0035247964949824,pillow
0.8814807607344908,-0.006761366816098,-0.0035798509128748,pin
0.8236085715583524,-0.0067988740920772,-0.0036062763345035,pindal
0.7645206034751583,-0.0104722490371552,-0.0112255197922931,pine
0.7049190402659097,-0.0067476440832448,-0.0035341453438798,ping
0.6444917982835953,-0.0066841761426096,-0.0034595613526943,pink
0.5837326312728859,-0.0066921608258136,-0.0034563178127136,pinked
0.5228347438050076,-0.0066931069381307,-0.0034460891150059,pinkflowers
0.4619432698031225,-0.0072164085399416,-0.0039769708419476,pinky
0.4015701813529445,-0.0067304443342124,-0.0034604864118303,pinmodeledpinoutput
0.3416799233234681,-0.0072626219084693,-0.0040092619064077,pinmodepinled
0.2825003844204579,-0.0070215177760634,-0.003734367095481,pinmodepinswitch
0.2242666190885053,-0.0067323023198341,-0.0034301829812138,pinnacle
0.1672215036731201,-0.0067468967540439,-0.0034340829704464,pinpoint
0.1115110991254442,-0.0067471046221506,-0.0034241759622528,pins
0.0573208877211644,-0.0067542185966333,-0.0034212889938142,pinto
0.0047962629011719,-0.006761113916489,-0.0034184907590376,pinyin
-0.0459047636212023,-0.0067749048030433,-0.0034227055338733,pioneers
-0.0946521586120718,-0.0067741692915218,-0.0034131926720448,pipe
-0.1413296361625765,-0.0067802970104512,-0.0034107059424125,pipes
-0.1858312566583349,-0.0068218221134104,-0.0034433112129559,pipilotti
-0.2280926218243639,-0.0067916870687301,-0.0034060836684861,pirate
-0.2680192236113777,-0.0069053379725383,-0.003510905943447,pit
-0.3055890135911505,-0.0069325123479535,-0.0035309904443613,pitch
-0.3407383227566953,-0.0068207775668593,-0.0034139283905882,pitches
-0.3734561044938964,-0.0068107700743068,-0.0033983394693823,pitchesh
-0.4037445874781942,-0.0068219304252145,-0.0034036027740353,pittsburgh
-0.4315932869236178,-0.0068184021986625,-0.0033952422271603,pivotal
-0.4570404002659523,-0.0068217428410089,-0.0033938865392756,pixel
-0.4801158107227365,-0.0068319667712263,-0.0033995258070827,pixelbypixel
-0.5008695438107634,-0.0068779727646095,-0.0034403896228568,pixels
-0.5193356844148982,-0.0068299208320213,-0.0033905677753411,pixelwide
-0.5355250511809928,-0.0085419569425124,-0.00486527974067,pizza
-0.5497736927686009,-0.0068339166683379,-0.0033889461989129,placate
-0.5618935533963175,-0.0069292076264535,-0.0034806475201896,place
-0.5720948988946496,-0.0068368469483034,-0.0033877570428656,placed
-0.5804696478914859,-0.0068884948479453,-0.0034360912947498,placement
-0.5870734486702481,-0.0068388133001247,-0.0033869590647929,places
-0.5921101547284986,-0.0074284697066529,-0.0040079907022247,placing
-0.5955655943535161,-0.0068399281307579,-0.0033865066480938,plague
-0.5976978055469456,-0.0073054237340686,-0.0038662227335006,plagued
-0.5984393176855611,-0.0068403053869805,-0.0033863535512827,plain
-0.5980485057177813,-0.0068902910250502,-0.0034355624076627,plan
-0.5965975973987641,-0.0070003285955668,-0.0035455889753216,planar
-0.594203495528544,-0.0070077983588585,-0.0035530455832488,plane
-0.590938313314774,-0.0068393206712485,-0.003386753165204,planes
-0.5869385596158867,-0.0068387955921795,-0.0033869662509697,planet
-0.5822998156718755,-0.0071510065993235,-0.0037043943010789,planets
-0.5771327118379694,-0.0068375083015589,-0.0033874886547824,planned
-0.5715201542282405,-0.0068367714970589,-0.0033877876622278,planning
-0.5655774638023569,-0.0069967897990913,-0.0035468094999494,plans
-0.5593214919207835,-0.0068351700828896,-0.003388437542569,plant
-0.5528995999848866,-0.0068343270307188,-0.0033887796670755,plantations
-0.5463718494018146,-0.0069130488116976,-0.0034665725013146,planted
-0.5397567142969006,-0.0068326016609335,-0.0033894798506546,plantplant
-0.5331326323668938,-0.0070671609608595,-0.003626506267342,plants
-0.5266020991259266,-0.006830874751327,-0.0033901806591186,plantsmonitor
-0.5202817244273122,0.9930121495931604,0.0037088727316625,plantspikebox
-0.5138345568935546,-0.0068291986558238,-0.0033908608463795,plaster
-0.5076883078078744,-0.0068283917894539,-0.0033911882860899,plastic
-0.501697952268656,-0.0073319533762434,-0.0039189792808482,plastination
-0.4960116074933808,-0.0068268588973333,-0.0033918103590511,plate
-0.4905079199317186,-0.0069198362739207,-0.0034844505699552,platform
-0.4852914287424469,-0.006963975489082,-0.0035284968303942,platforms
-0.4802800246876302,-0.0068319883514512,-0.0033995170407585,platinum
-0.4755319301964387,-0.0068241703693145,-0.0033929014081623,plato
-0.4710429891623535,-0.0068307744638019,-0.0034000101464988,platonic
-0.4667934653704239,-0.0068230232024336,-0.0033933669474451,plausible
-0.462755776184245,-0.0071193534030563,-0.0036946637808313,play
-0.4590088454657431,-0.0068578662520532,-0.0034286130537079,playback
-0.4554485272819021,-0.006828725113161,-0.0034008426342216,played
-0.4520938705705,-0.0068282842599957,-0.0034010217177032,player
-0.4489411922627801,-0.0068206795943897,-0.003394318022329,players
-0.4459853625498194,-0.006820291559418,-0.0033944754933347,playful
-0.4432054750816778,-0.0068199266217659,-0.0033946235910663,playgrounds
-0.440648337343658,-0.0070336282290543,-0.0036067369932979,playing
-0.4380000673979296,-0.0093466912123493,-0.0047334528382284,playingand
-0.4358452245067459,-0.0068189603838898,-0.0033950157063683,playnetaristo
-0.4335985112110253,-0.0080465942027717,-0.0048436733901034,plays
-0.4316343401140756,-0.0068184075880371,-0.003395240040063,playstation
-0.4296840690179672,-0.006853554485185,-0.0034305427512742,playtesters
-0.4278788519989286,-0.0068682047743902,-0.0034444263403101,playtesting
-0.4261508068172139,-0.0068176877215716,-0.003395532173774,plc
-0.4245145439403964,-0.0068174729164979,-0.0033956193452236,plea
-0.4228997493617997,-0.0082264395235608,-0.0051393786033946,pleasance
-0.4216250430157544,0.9930251010302544,0.0037036168244034,pleasant
-0.4201159878199192,-0.0068168954835042,-0.0033958536770774,pleasantbright
-0.4189608947024203,-0.0075190594529812,-0.0041496491831644,please
-0.41760964673801,-0.007363219663253,-0.0039689953763377,pleased
-0.416477034541925,-0.0068236036633646,-0.0034029230708212,pleasing
-0.4154300593662373,-0.0068162803248882,-0.0033961033186123,pleasurable
-0.414503998910233,-0.0069546826674364,-0.0035322680110277,pleasure
-0.4136325053691931,-0.0069172879123747,-0.0034956740490082,pleasures
-0.4128760568831821,-0.006823130439862,-0.0034031153037892,pleasureseeking
-0.4122309305925279,-0.0068230456604071,-0.0034031497429202,pleistocene
-0.4116619617195826,-0.0074541242337085,-0.0040799182011443,plenitudethat
-0.4112763801833573,-0.0068440922594449,-0.0034243746002721,plentiful
-0.4110197737627722,-0.0068157013520732,-0.003396338275351,plenty
-0.4108586787041075,-0.007112540463641,-0.0036974285842634,plight
-0.4109142084158807,-0.0068156874936813,-0.0033963438993155,plotted
-0.4110939732473905,-0.0068299451017357,-0.0034102345935476,plotter
-0.4114537646333259,-0.0068157583254619,-0.0033963151546081,plotters
-0.4119874561092772,-0.0068158283873318,-0.0033962867223432,plotting
-0.4126721676385261,-0.0079066660404778,-0.0046994561489459,plum
-0.4135943952786248,-0.0068160393428522,-0.003396201113106,plumber
-0.4146735077135153,-0.0068161810064133,-0.0033961436236912,plumbing
-0.4159285623932248,-0.0068163457672942,-0.0033960767610022,plumblossom
-0.4173536945762594,-0.0068165328555841,-0.0033960008374816,plumblossomsmelling
-0.4189788413898491,-0.0078620421082293,-0.0045601730333713,pluming
-0.4206779622659738,-0.0069474948474065,-0.0035249609177457,plumviewing
-0.4225733145058924,-0.00681721807607,-0.0033957227636818,pluralism
-0.424596650321312,-0.0068174836952471,-0.003395614971029,pluralistic
-0.4267462721322484,-0.0068249531981417,-0.0034023748624712,plurality
-0.4289893417002952,-0.0068180603583302,-0.0033953809516177,plus
-0.4313854662609533,-0.0072835906076205,-0.0038750829771133,pluto
-0.4337583423766369,-0.0068330870526196,-0.0034088950785636,plutschou
-0.4362127708292902,-0.0068835647393813,-0.0034584302967805,plymouth
-0.4412466514226918,-0.006819669471606,-0.0033947279468519,pneumatic
-0.4462258169510722,-0.0068203231257549,-0.0033944626831934,pocket
-0.4485583861463223,-0.0070396138823864,-0.0036162835590432,poem
-0.4509797867772532,-0.0068569184109119,-0.0034289563550341,poemes
-0.4531872651044141,-0.0068212370097063,-0.0033940918139795,poems
-0.4552751130762674,-0.0068215110979007,-0.0033939805844595,poet
-0.4571296799867325,-0.0074677620070932,-0.0040844132800381,poetic
-0.458979127527119,-0.0068291890879959,-0.0034006541582498,poetically
-0.4605416509378522,-0.0068222024776719,-0.0033937000111199,poetics
-0.4618997901884447,-0.0068295729077097,-0.0034004982429109,poetry
-0.4630165718483073,-0.0068225273799697,-0.0033935681603969,poetrynovels
-0.4638918402527713,-0.0070132579852771,-0.0035828848130963,poets
-0.4644651629973179,-0.0068227175479023,-0.0033934909871064,poetsatminase
-0.4647295960157915,-0.0069380944183362,-0.0035081319305917,poggi
-0.4647349411060405,-0.0068227529637925,-0.0033934766147527,point
-0.4643830566164023,-0.006822706769153,-0.003393495361301,pointa
-0.4636899676046734,-0.0068874104968381,-0.003456775913934,pointato
-0.4626339466209264,-0.0068367228978843,-0.0034074795103791,pointd
-0.461203187200981,-0.0073680226775906,-0.0039664885320309,pointed
-0.4595035916934195,-0.0068220662034853,-0.0033937553134374,pointers
-0.4574638476666149,-0.0069598855650736,-0.0035303319310235,pointing
-0.4551766272034498,-0.0070352209815233,-0.003606221433325,pointless
-0.4525952865548788,-0.006886535451713,-0.0034569026670888,pointon
-0.4497739855549238,-0.0068207889217032,-0.003394273655498,points
-0.446806262226038,-0.0068633948232942,-0.0034363853111195,pointsab
-0.4437039781086651,-0.0068199920641719,-0.0033945970334562,pointtopoint
-0.4404660340026222,-0.0069794864844876,-0.0035541868780998,pointx
-0.4371823855673709,-0.0068191359235198,-0.0033949444694848,poison
-0.4337781487003798,-0.0068258772941998,-0.0034019994759425,pok
-0.4302886019463864,-0.0068254187144211,-0.0034021857603333,pokeman
-0.4267490104495989,-0.0068177662524587,-0.0033955003046419,pokemon
-0.423186347964729,-0.0068244853696953,-0.0034025649038581,polak
-0.4196350790174136,-0.0068168323508302,-0.0033958792973601,poland
-0.4161279636040197,-0.0068163719442566,-0.0033960661379582,polar
-0.4126942485649068,-0.0068231065474702,-0.0034031250093625,polarity
-0.4094422861010405,-0.0072165099159243,-0.0038055504195601,polarized
-0.406216550479211,-0.006815070795244,-0.0033965941657354,pole
-0.4032313970587805,-0.0068146789107189,-0.0033967531989535,polemical
-0.400436849042476,-0.0068214957378277,-0.0034037793528528,polemicizing
-0.3978241054013405,-0.006813969053092,-0.0033970412709124,poles
-0.3953726434568611,-0.0068136472304368,-0.0033971718718656,policies
-0.3931088532401888,-0.0068133500449227,-0.0033972924746596,policy
-0.3910385994928175,-0.0068130782664603,-0.0033974027668522,polish
-0.3892498533371567,-0.0068128434437096,-0.003397498061806,polished
-0.3878830647407345,-0.0068270408016267,-0.0034113579711616,polite
-0.3870212515694482,-0.0068125508776594,-0.0033976167899453,politecnico
-0.3867384868685389,-0.0071643812993406,-0.0037566240557756,political
-0.3871008005167177,-0.0070483358749843,-0.003634005491497,politicaleconomic
-0.3880944992628447,-0.0068126917713099,-0.0033975596129729,politically
-0.3896894923693199,-0.0068560062682988,-0.0034393409388158,politicians
-0.3918186101115154,-0.0068131806645779,-0.0033973612120034,politics
-0.3943521784369104,-0.0068135132659823,-0.0033972262368556,pollock
-0.397014986827418,-0.006885614203634,-0.0034677557762051,pollutants
-0.3995927924503526,-0.0071574786885006,-0.0037481804304094,pollution
-0.4019499634332832,-0.0068216945841855,-0.0034036985774363,poly
-0.4037533590517437,-0.0068147474327675,-0.0033967253915735,polykleitos
-0.4049335940138941,-0.0070055180734292,-0.0035860257972644,polymorphous
-0.4052723270986819,-0.006814946839628,-0.0033966444689733,polytechnic
-0.4046272055343452,-0.0068148621494556,-0.0033966788376452,polytechnical
-0.4027953369901831,-0.0068287450327326,-0.0034107644044965,polyvinyl
-0.3994779625026398,-0.0068141861678976,-0.0033969531621354,pond
-0.3943697726613923,-0.0068135155757143,-0.0033972252995282,ponder
-0.3874271047456291,-0.0069506912919922,-0.0035340631190207,ponderation
-0.3787166886198513,-0.0068258414938437,-0.0034118431093397,pondering
-0.3683772383601186,-0.0068101033316767,-0.0033986100445628,ponds
-0.3568211429066229,-0.0072738019635109,-0.0038790553706986,pong
-0.3440897572318804,-0.0068353797935818,-0.0034278684387942,ponggame
-0.3306552210709056,-0.0068051512663225,-0.0034006196745409,pool
-0.3173777003175297,-0.007795953205145,-0.0045147431854761,poor
-0.3044344941056612,-0.0070839474996116,-0.0036860918732393,poorest
-0.2933261414617886,-0.0068002507849824,-0.0034026083708733,poorly
-0.2848398605200145,-0.0067991367242598,-0.0034030604751298,pop
-0.2796730232638272,-0.0067984584329699,-0.0034033357369474,popcap
-0.2781777661004074,-0.0070882311318071,-0.0036956177959792,pope
-0.2809984548414644,-0.0067986324327787,-0.0034032651249488,popeye
-0.28938280614456,-0.0070820321502465,-0.0036868398617814,popped
-0.3036480864911753,-0.006801605827741,-0.0034020584721231,poppin
-0.3236996376590576,-0.0068042381522817,-0.0034009902313123,popping
-0.3481430570965387,-0.0070742374584704,-0.0036676484848157,popula
-0.3736320467387155,-0.0068107931716265,-0.0033983300961082,popular
-0.3975804320525666,-0.009582297819801,-0.0063214307664001,popularity
-0.4188701559701703,-0.0072079699291831,-0.003797843230513,popularized
-0.4352352913913731,-0.0068188803131813,-0.0033950482003854,popularizes
-0.4434437489270063,-0.0070792647714821,-0.0036543770133306,popularizing
-0.4425427592928592,-0.0068198396218615,-0.0033946588970656,populated
-0.4327591215605381,-0.0068470264718866,-0.0034231395552694,population
-0.4172909990517107,0.9930256699942313,0.0037033859294168,populations
-0.4045275049289478,-0.0068148490609744,-0.0033966841491672,populism
-0.400338803738772,-0.0073272583345738,-0.0039324739633667,populist
-0.4053016508061518,-0.0068149506891813,-0.003396642906761,porcelain
-0.4244484118714234,-0.0071532492080114,-0.0037381571814447,porous
-0.4636792876371259,-0.006822614379874,-0.0033935328543976,port
-0.5206374655688688,-0.0069903567127205,-0.0035496357302152,portable
-0.59185485121763,-0.0068538542492856,-0.0034004625220576,portapak
-0.6613855881403379,-0.006848568838076,-0.0033830001062339,ported
-0.6952621516413916,0.99298917853876,0.0037181947652484,porter
-0.6789035709828253,-0.0068508685612124,-0.0033820668405709,portfolio
-0.6111113763440077,-0.0071560163564969,-0.003701846207225,portion
-0.4927742701887095,-0.0068264339066499,-0.0033919828272954,portions
-0.3441441265070359,-0.0068069220608366,-0.0033999010568559,portname
-0.1599258224980154,-0.0068257197296941,-0.0034516799676027,portrait
0.0850475688727681,0.9930916159217572,0.0036766239819452,portraits
0.412718357514233,-0.0067075627806509,-0.0034402226951572,portraiture
0.8514711297354173,-0.0066855425737013,-0.003498656473143,portray
1.3979319832134929,-0.0102871276831582,-0.0106819053545828,portrayal
2.0293519445514567,-0.0064953345979585,-0.0035263483998107,portrayed
2.70382654006544,-0.0064067910227007,-0.0035622808462694,ports
3.345598002488387,-0.0064010383363342,-0.003674781234982,portugal
3.883319890366647,-0.006251949670746,-0.0036251180264093,pose
4.217144968808928,-0.0062939297506244,-0.0037284462237546,posed
4.249350136488282,-0.0062038980067401,-0.0036446181859535,poseposition
3.937543322789497,-0.00626563797392,-0.0036493495518015,posi
3.2700614665667183,-0.0063324569185524,-0.0035924468544703,posing
2.336048600978601,-0.0064550721200827,-0.0035426875788686,position
1.2929822566372795,-0.0068502989367346,-0.0037477144304952,positioned
0.2973882160353193,-0.0067227030737464,-0.003434078513951,positions
-0.4882115013064012,-0.0068258349161577,-0.0033922259075384,positive
-0.9976812355377344,-0.0069067623501388,-0.0033791338722741,positivehelpful
-1.25367169635783,-0.0069263228853684,-0.0033514462285737,positively
-1.319436844432838,-0.0069422663834553,-0.0033547198713959,positives
-1.311433535331937,-0.006933905735442,-0.0033483689826698,positivethe
-1.2967990826404567,-0.0069462208087783,-0.0033630471215142,posits
-1.2871575636755377,-0.0069956101832434,-0.0034128287423732,possess
-1.273347904070098,-0.006928905935627,-0.0033503979840811,possessed
-1.211186922553979,-0.0071711608253238,-0.0036064981925345,possesses
-1.0887199770984386,-0.0069046683781931,-0.0033602339855329,possession
-0.930591597990507,-0.00965227038007,-0.0062930347448015,possessions
-0.765469835676556,-0.008572143599603,-0.0048530294962393,possessiveness
-0.6272821163529042,-0.006844091807598,-0.0033848169592068,possessives
-0.5301885459544573,-0.0071279759144487,-0.003691271880943,possibilities
-0.4687850471450636,-0.0068304777357099,-0.0034001306834575,possibility
-0.4346194935345063,-0.0068187994725622,-0.0033950810068449,possible
-0.4183425802065254,-0.0068962041994833,-0.0034734229978427,possibly
-0.4112221876653231,-0.0068229130961686,-0.0034032035931979,post
-0.4055538346903925,-0.0068149837953396,-0.0033966294717347,postal
-0.3931792301381164,-0.0068133592838506,-0.00339728872535,postapocalyptic
-0.3695018655235496,-0.0071078260643208,-0.0036990456601692,postbretton
-0.3343382787291186,-0.0068056347702159,-0.0034004234606686,postcards
-0.2900684628943079,-0.0070966833837226,-0.0037038636494107,postcold
-0.2406783570704229,-0.0067933392970028,-0.0034054131669418,postdoc
-0.1893407322533286,-0.0071373809922758,-0.0037680927815978,postdoctoral
-0.1391127638778559,-0.0067800059842224,-0.0034108240456668,posted
-0.0933971039323623,-0.0067740045306409,-0.0034132595347338,poster
-0.0556619906330225,-0.0067834075766278,-0.0034290727754998,posterity
-0.0276005691115165,-0.0067653669029655,-0.0034167648268239,posters
-0.0091703323899427,-0.0095313081767231,-0.0063421232064164,postgazette
0.0009639064628715,-0.0084715278252231,-0.0048938610406544,posthumanism
0.004585132207389,-0.0067611416332727,-0.0034184795111086,postindustrial
0.0035652536089724,-0.0070116907704914,-0.0036712137768143,postinnocent
-0.000848298658765,-0.0084717657276165,-0.0048937644959306,postlapsarian
-0.0073378872498512,-0.006762706861641,-0.0034178443155636,postmodern
-0.0141791042527378,-0.0067779323132994,-0.0034313061322255,postmodernism
-0.0200233231013076,-0.0067643721783949,-0.0034171685024973,postmodernist
-0.0238679480888049,-0.006978298380272,-0.0036294446548963,postmodernity
-0.0251373776840492,-0.006765043540489,-0.003416896052662,postpolitical
-0.0236653275690628,-0.0067648502929138,-0.0034169744757224,postscript
-0.0192962622169576,-0.0070541294137703,-0.0037095154065292,posture
-0.0118830619076777,-0.0067633035424012,-0.003417602172648,posturing
-0.0012913387695685,-0.0067619130837523,-0.0034181664437519,postwar
0.0125729101221757,-0.0067600930149561,-0.003418905057755,pot
0.0295669487009783,-0.0067793304941195,-0.0034406280701691,poten
0.049551552232035,-0.0070044972342691,-0.0036746091982619,potent
0.0719651472316067,-0.0067522961297195,-0.003422069162666,potential
0.096837515907532,-0.0067490309386177,-0.0034233942311885,potentialities
0.1238504631294091,-0.0068029389620478,-0.0034809978163654,potentially
0.1527343670865571,-0.0067416929201334,-0.0034263721203864,potentialor
0.1831547812157778,-0.0067376993935488,-0.0034279927594871,potentials
0.2147246846778166,-0.0067335549644752,-0.0034296746373123,potentielle
0.247011957926356,-0.0067942064815655,-0.0034945621747375,potentiometer
0.2795944530462752,-0.0105359090999367,-0.0111996854865201,potentiometerresistor
0.3127010560760741,-0.0067206928370176,-0.0034348943012447,potentiometers
0.3458075218095329,-0.0067163466913515,-0.0034366580389975,potently
0.3790254176313771,-0.0067119859173829,-0.0034384277131572,potted
0.4123527336810401,-0.0067791739838998,-0.0035110250356279,pottery
0.4457075284178124,-0.006703232033198,-0.0034419801840605,pounding
0.4791931137053427,-0.0067631354344815,-0.0035074033499044,pounds
0.5128603912211146,-0.0067227711146358,-0.0034736096803563,pour
0.5468477425196472,-0.0069868148230512,-0.0037484501274507,poverty
0.5811504952318387,-0.0067211961119435,-0.0034841228787669,powder
0.6158612733823549,-0.0066808946152687,-0.0034510450774922,powell
0.6509728597348671,-0.0069267239316963,-0.0037056883366471,power
0.6864017777718419,-0.0071518038996292,-0.0039540423303082,powercrystal
0.7222300898584827,-0.0066669307456592,-0.0034567118466015,powerful
0.7585352571824003,-0.0068365555312473,-0.0036336575887539,powermoney
0.7951814444871077,-0.0070172556413159,-0.0038280244927129,powers
0.832258505026848,-0.0066524864517988,-0.0034625735798132,powerthe
0.8696755557583746,-0.0066475744217988,-0.0034645669627827,powhida
0.9073656035461446,-0.0094109873089546,-0.0063909514034523,powhidas
0.983076197285772,-0.0066326874293099,-0.0034706083504156,pplication
1.0209035862448363,-0.0066491563275167,-0.0034934679342232,ppt
1.0585085023812102,-0.0066227848384229,-0.0034746269854867,prac
1.0957224498894802,-0.0066248775382627,-0.003483649646379,practical
1.1324484828944417,-0.0083229889619172,-0.0049541405667209,practicality
1.1682730041823466,-0.0066083751905421,-0.0034804746587872,practically
1.203346905354613,-0.0069006310239611,-0.0037834249377337,practice
1.2373538103142998,-0.0066563160043739,-0.0035406740813489,practiced
1.2701552934155875,-0.0065950003025861,-0.0034859024094057,practices
1.3016196315307351,-0.0065908697319044,-0.0034875786632664,practicing
1.3315531050550544,-0.0068767928122014,-0.0037814815308074,practitioner
1.3598330555998783,-0.0065832275987101,-0.0034906799672406,practitioners
1.3862723306751814,-0.006593899769548,-0.0035060608750291,prag
1.4106979585770774,-0.0065765501635706,-0.0034933897807977,pragma
1.432972246771174,-0.0065736260428904,-0.0034945764373053,pragmatic
1.453069198818748,-0.0074082567206523,-0.0044282204852769,pragmaticneutral
1.4703834327612069,-0.0065687147828011,-0.0034965695078323,prague
1.485232958223938,-0.0065667653690143,-0.0034973606121706,praise
1.497556069725048,-0.0085275968573582,-0.006007028412429,praised
1.5065747525204938,-0.0065639636641287,-0.0034984975903252,praising
1.5128412166745313,-0.0065845172746949,-0.003519722224913,prassi
1.5160345805502669,-0.0065627217982369,-0.003499001560032,praxis
1.5160873632237128,-0.006562714869041,-0.0034990043720143,pray
1.5129561980673043,-0.0067230454123316,-0.0036582549041336,prayer
1.506521969847048,-0.0065639705933247,-0.0034984947783429,praying
1.4968374562324422,-0.0068313986222387,-0.0037664599391742,pre
1.483813690782397,-0.0065669516873936,-0.0034972850010925,precari
1.467512430884052,-0.0065900306757032,-0.003517654318541,precarious
1.4478628254243633,-0.006571671239729,-0.0034953697287409,precarity
1.4249561904385055,-0.0065963103796563,-0.003514837237311,precede
1.3988714965214222,-0.0065921036988156,-0.0035068447152784,preceded
1.3695919854458438,-0.0065819464673746,-0.0034911998715135,preceding
1.3372721147627225,-0.0066359511399064,-0.0035388853333087,precept
1.3019363275714095,-0.0065908281567288,-0.0034875955351599,precepts
1.2637697636548215,-0.0066099787643244,-0.0034995368669116,precious
1.2228620180082164,-0.0066012088621347,-0.0034833828733139,preciousness
1.1793866893134193,-0.0066069162098446,-0.0034810667372711,precipice
1.1336502306041258,-0.0071729090398187,-0.0040729537440362,precise
1.0853615174918494,-0.0067128163929096,-0.0035685193611598,precisely
1.035137507527741,-0.0066258529323962,-0.003473381902237,precision
0.9830468735783024,-0.0066326912788632,-0.0034706067882033,preclude
0.9292726184361824,-0.0067264178613004,-0.0035525941243005,precomputational
0.8740506529128759,-0.0066470000684477,-0.0034648000448666,preconceived
0.8175614628429598,-0.0066544158479085,-0.0034617905989791,precursors
0.7600758531406032,-0.0069123776849452,-0.0037115166685672,predecessor
0.7018063797337423,-0.0083795227316455,-0.0049311982284659,predecessors
0.642814156337727,-0.0066985945681935,-0.0034734812704285,predefined
0.5835508229546105,-0.0066921847182054,-0.0034563081071403,predefines
0.5241601753826448,-0.0066929329383219,-0.0034461597270045,predicated
0.4649060462750962,-0.0094690724486594,-0.0063673794936168,predict
0.4060181424853814,-0.0084183531756969,-0.0049154401924053,predictable
0.3475024321012901,-0.0067161241871712,-0.0034367483348718,predicted
0.2898285642495923,-0.006723695488585,-0.003433675775605,predoctoral
0.2330930550369297,-0.0067311436042934,-0.0034306532071337,predominance
0.1774894409326031,-0.0067384431272447,-0.0034276909400595,predominant
0.1233446304080147,-0.00758282010403,-0.0043573797787818,predominantly
0.0703579621088305,-0.0069429871570856,-0.0036114574779778,preemption
0.0191606328472558,-0.0068023068732477,-0.0034611433535768,preexisting
-0.0302671399675846,-0.0068161210350089,-0.0034655182545389,prefabricated
-0.0777798671639828,-0.0067790936788362,-0.0034210039277154,prefect
-0.123342625955553,-0.0071549468467354,-0.0037949708929816,prefecture
-0.1666711841580195,-0.0067836237944057,-0.0034093558784923,prefer
-0.2078523536390867,-0.0068106619759443,-0.0034278498163205,preferably
-0.2466957613223262,-0.0069611964686829,-0.0035723551299512,preference
-0.2833041787726758,-0.006820493082086,-0.0034238888983012,preferences
-0.3174771469339558,-0.0068034212770733,-0.0034013217327748,preferred
-0.3492611470147582,-0.0068579787719562,-0.0034485391659833,prefers
-0.3786112122670957,-0.0068114468257754,-0.0033980648324497,prefigure
-0.4055596994318865,-0.0068149845652503,-0.0033966291592922,prefiguring
-0.43014222468004,-0.0072346054588059,-0.0038221789898209,prejudice
-0.4522932732421568,-0.0068283104645545,-0.0034010110728809,preliminary
-0.4721843632497765,-0.0070603744764516,-0.0036287609815708,preload
-0.4897187398703513,-0.0068260327831969,-0.0033921456098232,prelude
-0.505092599493613,-0.0069295072391613,-0.0034906308165431,premature
-0.5182976251704656,-0.0068297845578348,-0.0033906230776586,prematurely
-0.5294261574876924,-0.0071281057474198,-0.0036911119348129,premise
-0.5386365486715525,-0.0068324546079978,-0.0033895395271667,premislaw
-0.5459440165730386,-0.006833413916678,-0.0033891502238469,prentice
-0.5514902376069386,-0.0068413464618241,-0.0033957155868545,prenticehall
-0.5553668601353245,-0.0068418559092756,-0.0033955086389851,preoccupation
-0.5576852290439659,-0.0068349552778159,-0.0033885247140186,preoccupations
-0.5586329040361226,-0.0076860429712725,-0.0043271143064304,preoccupied
-0.5580612007908481,-0.0074897922808699,-0.0040881359426447,preoccupies
-0.5564587219593736,-0.0068701319333274,-0.0034238407565778,preoccupy
-0.5537441227600182,-0.0068344378978536,-0.0033887346753596,preorder
-0.5499288562901823,-0.0085438478430892,-0.0048645123819595,preparation
-0.5454337840630633,-0.0068333469344508,-0.003389177406342,prepare
-0.5400851398205629,-0.0068326447759304,-0.0033894623538762,prepared
-0.534085509272232,-0.0068318571573269,-0.0033897819825247,prepares
-0.5275887927833078,-0.0084584076295484,-0.006069636783324,preparing
-0.5205379564211621,-0.0068300786637063,-0.0033905037246344,preprinted
-0.5131686221572149,-0.0095974719889655,-0.0063152728377252,prerecorded
-0.5055828656115392,-0.0068281153915276,-0.0033913004529372,prescribed
-0.4977645787785436,-0.0070775042733842,-0.0036445055694478,presence
-0.4899298705641342,-0.0068260604999806,-0.0033921343618942,present
-0.482035928513251,-0.0068250242002345,-0.0033925549094611,presentation
-0.4741889043943196,-0.0068239940597737,-0.0033929729574883,presentations
-0.4664533103637736,-0.0068229785476154,-0.0033933850691085,presentday
-0.4588877938365527,-0.0068219853628662,-0.003393788119897,presented
-0.4515269459454579,-0.0074428475386594,-0.0040520856186987,presenting
-0.4444488002783994,-0.0068200898428255,-0.0033945573532623,presently
-0.4376726350449813,-0.0070935481993473,-0.003671035039034,presents
-0.4312062139850158,-0.006818351384559,-0.0033952628483634,presentsee
-0.4251129935262098,-0.0070080315192308,-0.0035850614006406,preservation
-0.4193887598746669,-0.0068168000145826,-0.0033958924199439,preserve
-0.4140694393396363,-0.0068161017056155,-0.0033961758052658,preserved
-0.4091224631079611,-0.0069306155773521,-0.0035112382866659,preserves
-0.4046594137333238,-0.0068649176454038,-0.0034458537430334,president
-0.4005863986450002,-0.0068143316810121,-0.0033968941105082,press
-0.3969381539234213,-0.0068426715095305,-0.0034247718453978,pressed
-0.3936718684236099,-0.0068134239563459,-0.0033972624801824,presses
-0.3908303320961883,-0.0068202332946724,-0.0034042921828227,pressure
-0.3883760068545552,-0.0068127287270215,-0.0033975446157343,pressures
-0.386305753107184,-0.0068124569485591,-0.0033976549079268,prestige
-0.384398422499364,-0.0087746557982321,-0.0059067678103555,prestigebased
-0.3832795464962956,-0.0068120596746594,-0.0033978161282422,prestigegranting
-0.3822878078676518,-0.0074337579734275,-0.0040557743145196,prestigious
-0.3816491483609721,-0.0068118456394964,-0.0033979029872494,presumed
-0.3812899073478675,-0.0070624241001747,-0.0036505367610905,presumptions
-0.3814542827583659,-0.008228791064376,-0.005012551206034,presupposed
-0.3815494477555745,-0.0068118325510152,-0.0033979082987714,presuppositions
-0.3820978165468553,-0.0068406754760897,-0.0034256004501173,pretence
-0.3828866088161996,-0.0068120080906453,-0.0033978370618878,pretends
-0.3839246680606323,-0.0068121443648318,-0.0033977817595703,pretenses
-0.3851784656311431,-0.0071641765031055,-0.0037567071654731,pretensions
-0.3866752318213041,-0.0068125054529306,-0.0033976352240511,pretrained
-0.3883780466265549,-0.0068272599262998,-0.003411209414127,pretty
-0.3903479479302562,-0.0071830231883789,-0.003771420099816,prevailing
-0.392287789431033,-0.0068132422574306,-0.0033973362166057,prevalence
-0.3944929322327656,-0.0068135317438381,-0.0033972187382363,prevalent
-0.3968446935718475,-0.0068138404780121,-0.0033970934488052,prevent
-0.3993254792237966,-0.0068141661502205,-0.0033969612856396,prevented
-0.4019235597056252,-0.0068145072206421,-0.0033968228736247,preventing
-0.4047409365247858,-0.0080850053680481,-0.0050886696399195,previous
-0.4074246872269688,-0.0068152293968396,-0.0033965298025862,previously
-0.4102781486944503,-0.006850906028033,-0.0034316568210104,preys
-0.4132542402719746,-0.006815994688034,-0.0033962192347693,preziosis
-0.4162222697717403,-0.0072313204898552,-0.003824530703191,priation
-0.4193301124597273,-0.006816792315476,-0.0033958955443686,price
-0.422435655553786,-0.0068243867172387,-0.0034026049784833,priced
-0.425565368810528,-0.0069185954780655,-0.003495246228419,prices
-0.4287312930745606,-0.0068180264822612,-0.0033953946990865,pricesetters
-0.4318982534813043,-0.0068184422340167,-0.0033952259801518,pricing
-0.435038535974551,-0.0095872152391756,-0.0063194351963333,priest
-0.4381058302246625,-0.0085291679565674,-0.0048704697225675,priests
-0.4412935693546437,-0.0068196756308913,-0.0033947254473121,priestssweet
-0.4443474864638003,-0.0068849715467055,-0.0034577262928216,primar
-0.4473107941274566,-0.0068204655592267,-0.0033944048813361,primarily
-0.4502910899333915,-0.0076277437332647,-0.0042648534852403,primary
-0.4529585401861493,-0.0068212069831907,-0.0033941039992359,prime
-0.4556094033414236,-0.0068215549828082,-0.0033939627752387,primer
-0.4580769962848394,-0.0079126266887944,-0.0046970372193299,primitive
-0.4604383978244507,-0.0068365047028305,-0.0034075409648842,prin
-0.4625767162362596,-0.0068224696366703,-0.0033935915935823,prince
-0.4645062161877757,-0.0068227229372769,-0.0033934888000091,princess
-0.466105843625249,-0.0070721916289002,-0.003647137693937,principally
-0.4675526972658842,-0.0085330336779827,-0.0048689009489171,principle
-0.4688109364443494,-0.0068232880517001,-0.0033932594672348,principles
-0.469673053443963,-0.0068234012285668,-0.0033932135381915,print
-0.4701922683985985,-0.007120329649771,-0.0036942676037772,printarrayseriallist
-0.4704365551570961,-0.0072473001128953,-0.0038295389849435,printed
-0.4703194681634532,-0.0068522258859862,-0.0034209252009786,printers
-0.4698431309472881,-0.0068234235559759,-0.0033932044773598,printing
-0.4690220671381323,-0.0068233157684838,-0.0033932482193059,printlnch
-0.4677825225529601,-0.007556211709194,-0.0041865131460674,prints
-0.4663241820794385,-0.0070213102826474,-0.0035903073478264,prior
-0.4644065155823782,-0.0068227098487957,-0.0033934941115311,priorities
-0.4621297201192366,-0.0073353701132697,-0.0039291820694848,prioritization
-0.4595121022288865,-0.0095904280763527,-0.0063181313738989,priority
-0.4565594914634467,-0.0068216797083349,-0.0033939121595582,priscilla
-0.3984223090337253,-0.0068140475839791,-0.0033970094017803,profes
-0.2127345706241952,-0.0069203609935609,-0.0035359063735093,promptly
0.4674083706835079,-0.0069506705528745,-0.0036960344586013,proselytizing
0.7042487924379719,-0.0066692912917375,-0.0034557538979833,protagonist
1.0929638586582822,-0.0066182616133054,-0.003476462585008,protocol
1.2416878382038592,-0.0065987374489215,-0.003484385813648,proud
1.290198738028135,-0.0067364398468796,-0.0036320884635169,prove
1.3084573273268385,-0.0066181468765568,-0.0035161378525196,provocations
0.7924576890060315,-0.0083676222226002,-0.004936027651751,pseudo
-0.4914722975770483,-0.0068262629864837,-0.0033920521895242,puppeteer
-0.3737728005345708,-0.0068108116494823,-0.0033983225974889,quasifoucauldianism
-0.3552930000870722,-0.006808385660998,-0.0033993071037172,quasiwestern
-0.3252186057059958,-0.0068044375591422,-0.0034009093087121,quently
-0.3868335798416413,-0.0068125262405183,-0.0033976267881044,rabbit
-0.5934190989667232,-0.006839646343457,-0.0033866210020385,radicalisms
-0.083937991165084,-0.0068912386363663,-0.0035258970239696,ration
1.0777507192229248,-0.006620258761553,-0.0034756521092364,readmetxt
1.2945936712209596,-0.006591792084873,-0.0034872043571853,real
0.4472030374987747,-0.0067030357059801,-0.0034420598568908,rebounding
-0.3930208821177792,-0.0068133384962628,-0.0033972971612967,refurbish
-0.3579101150950145,-0.0068373614298711,-0.003426999247014,reigns
-0.4165443602500916,-0.0068164266079133,-0.0033960439545427,remembering
0.5354526204844151,-0.0070817534051088,-0.0038493029165764,repeated
0.9643859047072322,-0.0073425086107943,-0.0042377462186934,replaced
1.4572949483124562,-0.0072438232801596,-0.0042164514984405,repre
-0.4249433225185129,-0.0069335446058562,-0.0035097098607576,respect
-0.4828258787778045,-0.0072237776246507,-0.0038037030269077,resulted
-0.4572064422518556,-0.0071190585843213,-0.003694608403304,rethinking
-0.4466566233228702,-0.0085302904863072,-0.0048700141814438,ride
3.731016428936411,-0.0062785596309019,-0.0036243309921319,rikka
1.103018241758334,-0.0066239187597004,-0.0034840391216431,ring
-0.5743352301453458,-0.0068371410541749,-0.0033876376898414,rists
-0.2338180836845409,-0.0069823774289728,-0.0035956928008103,roam
-0.0907814292260518,-0.0067736611504873,-0.0034133988840762,robotically
0.728311572798758,-0.0076586773648594,-0.004570451990624,romanticism
0.2541883517654685,-0.0067640613613606,-0.0034667498937472,royal
-0.5797760930598972,-0.0068450636555589,-0.0033942055874986,rulebased
-0.5812157336023656,-0.0068524486197455,-0.0034010364118037,ruling
-0.460383302917515,-0.0068221816900841,-0.0033937084470667,sakurasakura
-0.4313620266407642,-0.006839865583373,-0.0034160521124437,sasaki
-0.3115343169520205,-0.0068668659774806,-0.0034653370224839,saves
-0.3014429436894427,-0.0068013163413335,-0.0034021759504924,savored
-0.3158467487986322,-0.0068032072419103,-0.0034014085917819,scale
-0.3280454111060892,-0.0068048086560795,-0.0034007587114408,scanner
-0.7564280219228229,-0.0105699474342888,-0.0105671324245834,scholarship
-0.4679901474268969,-0.0068954881467181,-0.0034635297399345,screenwriter
0.0969086027762672,-0.0067561369439023,-0.0034303294182429,searches
1.3077717453579094,-0.0065900620956238,-0.0034879064154192,seeing
0.6567854395272752,-0.0066755221786951,-0.0034532253010597,selfactualization
-0.5563419866619624,-0.0068778840495651,-0.0034304625735397,selfpitying
-0.4351447101756627,-0.0068907884167462,-0.0034655896236695,sellers
-0.3973132343286235,-0.0075212695470811,-0.0041652020758425,semirational
2.8591524019013423,0.9934557944418824,0.0035288343186331,shadow
-0.5250772663374945,-0.0068306745745558,-0.0033902618941613,shapiro
-0.0325988030264412,-0.0069559617942865,-0.0036064127020145,shelf
-0.0055943970123768,-0.0067981304108931,-0.0034529376098181,sheltered
-0.5232375941570367,-0.006887588887675,-0.0034467624175901,showing
-0.4453754294344466,-0.0068202114887095,-0.0033945079873518,shz
-0.4594140558568406,-0.006850630098489,-0.00342163657305,signals
-0.4553195020237712,-0.0068287081572701,-0.0034008495220478,simplicity
-0.3935897620426943,-0.0068134131775967,-0.003397266854377,singularity
-0.5295227403899235,-0.0068312581668348,-0.0033900250627677,slow
1.3666989511021077,-0.0065892670843285,-0.00349811533376,sol
1.1566927491407677,-0.0066168651090553,-0.003486904457348,solely
-0.4411000328853427,-0.0068196502238396,-0.0033947357579137,specially
-0.4919766653455297,-0.0068263291988003,-0.0033920253194716,spy
0.0904038944886474,-0.0067498755306098,-0.0034230514817971,stanislaw
-0.2087463689512562,-0.0067963046788969,-0.0034140124710254,started
-0.0007752415180992,-0.0067618453316144,-0.0034181939386894,stateoperated
0.8394409967250761,0.9931906510695558,0.0036364338819246,step
1.1431480700990242,-0.0066401754457139,-0.0035070711999813,sternberg
-0.4180408756249234,-0.0068526572168009,-0.0034306611059544,structure
-0.3908506254304816,-0.0069437053091039,-0.0035264481557076,subjectivism
-0.3374289974964406,-0.0068060405131328,-0.003400258803486,submissions
-0.3400482429344746,-0.0068351670206143,-0.0034278313180894,subsequent
-0.0020420247641351,-0.0068405951954348,-0.0034963679241207,superficial
1.490631182954082,-0.0065872173035909,-0.0035187101163594,susabi
-0.5957969650657539,-0.0096083192602303,-0.0063108708357414,symbol
-0.6441421025138099,-0.0068535223329879,-0.0033907695014669,synthetic
-0.6202782945440632,-0.00685038626388,-0.0033920434362335,systemoutprintlnrectarea
-0.605013506116518,-0.0068769591383326,-0.0034208937708536,taberu
-0.6009083738545224,-0.0068406295193676,-0.0033862220130021,taiseki
-0.6078531987773487,-0.0069288863570345,-0.0034701610723591,taiyu
-0.6568399649295142,-0.0068693948217751,-0.0034040961933729,tap
-0.6276860788373294,-0.0074595536760064,-0.0040324142614421,taries
-0.6608518966643867,-0.0068484987762061,-0.0033830285384988,taylor
-0.6456563514535111,-0.0068465039376904,-0.003383838076943,template
-0.4500261694391645,-0.0068208220278615,-0.0033942602204717,tended
-0.3870623047599061,-0.006812556267034,-0.003397614602848,tendrils
0.1543589004803867,-0.006741479654881,-0.003426458666951,tentative
1.032135669018009,-0.0068766559633639,-0.0037260243142239,testsuon
0.2452858526028926,-0.0067295429600348,-0.0034313027750324,textzcom
-0.8789674975666129,-0.0068771325234989,-0.0033714084905335,theresa
-0.7797512008309612,-0.0072073850672823,-0.0037279275969509,thick
-0.7548402438467446,-0.006860837364416,-0.0033780213354472,thinks
-0.7240855394523678,-0.0068567999529239,-0.0033796597837688,thoughts
-0.642987894073755,-0.0068461536283409,-0.0033839802382676,thrust
0.4155062087711669,-0.0068448846775031,-0.0035771616013594,tomoko
1.84792801190744,-0.0065473908066159,-0.0035448267826546,tournament
2.157215038602984,-0.0064785490057862,-0.0035331602705789,trafc
0.8181203878104808,-0.0068503965727704,-0.0036606059779734,transferred
0.9011587519457862,-0.0067745228304561,-0.0035949331144682,translates
1.2168578690266467,-0.0066228516686562,-0.0035043677377573,transport
1.3468057844380172,-0.0076101115620567,-0.0046104524501375,treasure
1.3657373126420629,-0.0066469633004541,-0.0035544648647333,tree
1.784992732348786,-0.00711640874872,-0.0041346301972996,trypophobia
5.131090561140646,-0.0060881450189073,-0.0036915926618048,twitchells
2.3305856699847927,-0.0065203250360587,-0.0036058469654746,umberto
-1.8618571187654736,-0.0070061641604555,-0.0033190453193727,universally
-3.208244850961537,-0.0072914740580519,-0.0033541460289999,unplayable
-7.175468314377183,-0.0078057479556362,-0.0031348122708421,urban
-0.1005534906724516,-0.0068400070096849,-0.0034759076648243,variation
-0.1411185054687936,-0.0067802692936675,-0.0034107171903415,varied
-0.6974061400028616,-0.0071895619789712,-0.0037231784344876,veneer
0.041699210382692,-0.0070775395191936,-0.0037453886815528,vertices
0.0021453997458976,-0.0067614619161066,-0.0034183495350404,vitro
0.1209064149987836,-0.006745871225276,-0.0034246764950924,voracious
0.1669563652094336,-0.006739825886787,-0.0034271297933803,vox
0.3339264514841889,-0.007602672744093,-0.0044083757375928,wakelike
0.3932063625637959,-0.0067101242734111,-0.0034391831990538,waving
-0.1560618667954283,-0.0067822310260249,-0.0034099210869236,websites
0.5908422861690802,-0.0066841790541371,-0.0034497121979079,weeping
-0.4395725557473471,-0.0068266387678489,-0.0034016901499289,whale
-1.1738289062480314,-0.0071516616458252,-0.0035920556008695,whither
-1.5667672560587118,-0.0073823615628006,-0.0037632357390915,willingness
-0.9451345705952414,-0.0068930773437404,-0.0033747014552422,wine
-0.5184133955138843,-0.006894363577772,-0.0034540449189163,witkiewicz
-0.3104877737679066,-0.0069623491836434,-0.0035611708265746,working
-0.3051846487625954,-0.0068018075443335,-0.0034019766121955,worklife
-0.2617562379997499,-0.0067961063559088,-0.0034042902486985,workshopdemo
-0.2320102691423356,-0.0067922013690499,-0.003405874956915,worldly
-0.0547895106775599,-0.0067689362087774,-0.003415316343525,wouki
0.116771772245535,-0.0067464140122901,-0.0034244562231499,xue
0.072100036285968,-0.0067522784217744,-0.0034220763488429,yasue
0.2816406626033572,-0.0070377145018781,-0.0037503038566633,yokohama
0.0861149518246705,0.9930917560454968,0.0036765671174153,yoritomo
